,title,location,funds
0,Schaefer Halleen’s Social Equity Scholarship,united-states,"$1,000 "
1,President’s Scholarship for Ukraine,united-states,"$2,500 "
2,International Students Diversity Contest 2022-2023,united-states,"Up to $2,000"
3,Master in Business Administration 80% OFF your Tuition fee,united-states,80% Tuition Fees
4,Improve Men’s Health Scholarship,united-states,"$2,000 "
5,3 Month F1 Visa Study English in USA Scholarship with Windsor University,united-states,"$1,455 "
6,ArtUniverse,united-states,Full or partial scholarship
7,American Indian Scholarships at Augsburg University,united-states,Partial tuition fees
8,International Contest for Students Support 2022-2023,united-states,"Up to $2,000 awards"
9,Scholarships for Africa,united-states,$100 to $3000
10,LAPTOP Scholarships - study Supply Chains,united-states,up to $3000
11,Medicine: Fully Funded Swansea & HMRI PhD Scholarship: Ovarian Cancer Chemoresistance,united-states,Full cost of tuition fees and an annual stipend
12,New York University - September 11 Scholarships,united-states,Pay any remaining balance.
13,TKS Full-Ride Scholarship,united-states,"100% Tuition Fee [value of $6,000+]"
14,Five scholarships of up to US$3000 for supply chain courses,united-states,"$3,000 "
15,GREAT Scholarship for Bangladesh Students in UK,united-kingdom,"£10,000"
16,Diversity Scholarships for Africa and Latin American Students in UK,united-kingdom,50% scholarship
17,Beth Mead Scholarships for International Students at Teesside University,united-kingdom,"£1,200"
18,Malaysia Scholarships at Nottingham Trent University,united-kingdom,"£4,000"
19,PhD Studentships in Predictive Uncertainty in Computer Vision for International Students in UK,united-kingdom,"£16,062 p.a., tuition fees + £2,000 research grant"
20,Strathclyde Business School MRes Scholarships in UK,united-kingdom,Tuition fees
21,International Students Diversity Contest 2022-2023,united-kingdom,"Up to $2,000"
22,Master in Business Administration 80% OFF your Tuition fee,united-kingdom,80% Tuition Fees
23,3 Month F1 Visa Study English in USA Scholarship with Windsor University,united-kingdom,"$1,455 "
24,ArtUniverse,united-kingdom,Full or partial scholarship
25,Engineering: Fully Funded MSc by Research at Swansea: Functional Construction Materials,united-kingdom,Full cost of UK tuition fees and an annual stipend
26,UEA Law School Country Specific Academic Excellence Scholarships in UK,united-kingdom,"£8,000 tuition fee reduction"
27,Saraswati Dalmia Scholarship at SOAS University of London,united-kingdom,"Up to £5,353"
28,The Professor Mike Walker OBE Scholarships for International Students in the UK,united-kingdom,"Up to £12,000 tuition fee reduction"
29,PhD Studentships in Electronic,united-kingdom,
30,International Students Diversity Contest 2022-2023,canada,"Up to $2,000"
31,Master in Business Administration 80% OFF your Tuition fee,canada,80% Tuition Fees
32,Improve Men’s Health Scholarship,canada,"$2,000 "
33,3 Month F1 Visa Study English in USA Scholarship with Windsor University,canada,"$1,455 "
34,ArtUniverse,canada,Full or partial scholarship
35,International Contest for Students Support 2022-2023,canada,"Up to $2,000 awards"
36,Scholarships for Africa,canada,$100 to $3000
37,LAPTOP Scholarships - study Supply Chains,canada,up to $3000
38,TKS Full-Ride Scholarship,canada,"100% Tuition Fee [value of $6,000+]"
39,Five scholarships of up to US$3000 for supply chain courses,canada,"$3,000 "
40,International No-Essay Support Competition Scholarships 2022-2023,canada,"Up to $2,000"
41,THGM MUSE Scholarship,canada,US$500 or C$630
42,Master in Business Administration 80% OFF your Tuition fee - Scholarship,canada,80% off tuition fee
43,International Students Support Contest 2022-2023,canada,"Up to $2,000 awards"
44,Human Resource (HR) - Free Course From Windsor University's MBA,canada,100% free
45,International Students Diversity Contest 2022-2023,europe,"Up to $2,000"
46,Master in Business Administration 80% OFF your Tuition fee,europe,80% Tuition Fees
47,3 Month F1 Visa Study English in USA Scholarship with Windsor University,europe,"$1,455 "
48,ArtUniverse,europe,Full or partial scholarship
49,International Contest for Students Support 2022-2023,europe,"Up to $2,000 awards"
50,Scholarships for Africa,europe,$100 to $3000
51,LAPTOP Scholarships - study Supply Chains,europe,up to $3000
52,TKS Full-Ride Scholarship,europe,"100% Tuition Fee [value of $6,000+]"
53,Five scholarships of up to US$3000 for supply chain courses,europe,"$3,000 "
54,International No-Essay Support Competition Scholarships 2022-2023,europe,"Up to $2,000"
55,THGM MUSE Scholarship,europe,US$500 or C$630
56,Master in Business Administration 80% OFF your Tuition fee - Scholarship,europe,80% off tuition fee
57,International Students Support Contest 2022-2023,europe,"Up to $2,000 awards"
58,Becas Grisart 2022,europe,Take the courses free of charge.
59,Human Resource (HR) - Free Course From Windsor University's MBA,europe,100% free
60,International Students Diversity Contest 2022-2023,south-africa,"Up to $2,000"
61,Master in Business Administration 80% OFF your Tuition fee,south-africa,80% Tuition Fees
62,3 Month F1 Visa Study English in USA Scholarship with Windsor University,south-africa,"$1,455 "
63,ArtUniverse,south-africa,Full or partial scholarship
64,International Contest for Students Support 2022-2023,south-africa,"Up to $2,000 awards"
65,Scholarships for Africa,south-africa,$100 to $3000
66,LAPTOP Scholarships - study Supply Chains,south-africa,up to $3000
67,TKS Full-Ride Scholarship,south-africa,"100% Tuition Fee [value of $6,000+]"
68,Five scholarships of up to US$3000 for supply chain courses,south-africa,"$3,000 "
69,International No-Essay Support Competition Scholarships 2022-2023,south-africa,"Up to $2,000"
70,THGM MUSE Scholarship,south-africa,US$500 or C$630
71,Master in Business Administration 80% OFF your Tuition fee - Scholarship,south-africa,80% off tuition fee
72,International Students Support Contest 2022-2023,south-africa,"Up to $2,000 awards"
73,Human Resource (HR) - Free Course From Windsor University's MBA,south-africa,100% free
74,Project Management - Free Course From Windsor University's MBA,south-africa,100% free
75,International Students Diversity Contest 2022-2023,nigeria,"Up to $2,000"
76,Master in Business Administration 80% OFF your Tuition fee,nigeria,80% Tuition Fees
77,3 Month F1 Visa Study English in USA Scholarship with Windsor University,nigeria,"$1,455 "
78,ArtUniverse,nigeria,Full or partial scholarship
79,International Contest for Students Support 2022-2023,nigeria,"Up to $2,000 awards"
80,Scholarships for Africa,nigeria,$100 to $3000
81,LAPTOP Scholarships - study Supply Chains,nigeria,up to $3000
82,TKS Full-Ride Scholarship,nigeria,"100% Tuition Fee [value of $6,000+]"
83,Five scholarships of up to US$3000 for supply chain courses,nigeria,"$3,000 "
84,International No-Essay Support Competition Scholarships 2022-2023,nigeria,"Up to $2,000"
85,THGM MUSE Scholarship,nigeria,US$500 or C$630
86,Master in Business Administration 80% OFF your Tuition fee - Scholarship,nigeria,80% off tuition fee
87,International Students Support Contest 2022-2023,nigeria,"Up to $2,000 awards"
88,Human Resource (HR) - Free Course From Windsor University's MBA,nigeria,100% free
89,Project Management - Free Course From Windsor University's MBA,nigeria,100% free
90,International Students Diversity Contest 2022-2023,pakistan,"Up to $2,000"
91,Master in Business Administration 80% OFF your Tuition fee,pakistan,80% Tuition Fees
92,3 Month F1 Visa Study English in USA Scholarship with Windsor University,pakistan,"$1,455 "
93,ArtUniverse,pakistan,Full or partial scholarship
94,International Contest for Students Support 2022-2023,pakistan,"Up to $2,000 awards"
95,Scholarships for Africa,pakistan,$100 to $3000
96,LAPTOP Scholarships - study Supply Chains,pakistan,up to $3000
97,TKS Full-Ride Scholarship,pakistan,"100% Tuition Fee [value of $6,000+]"
98,Five scholarships of up to US$3000 for supply chain courses,pakistan,"$3,000 "
99,International No-Essay Support Competition Scholarships 2022-2023,pakistan,"Up to $2,000"
100,THGM MUSE Scholarship,pakistan,US$500 or C$630
101,Master in Business Administration 80% OFF your Tuition fee - Scholarship,pakistan,80% off tuition fee
102,International Students Support Contest 2022-2023,pakistan,"Up to $2,000 awards"
103,Human Resource (HR) - Free Course From Windsor University's MBA,pakistan,100% free
104,Project Management - Free Course From Windsor University's MBA,pakistan,100% free
105,International Students Diversity Contest 2022-2023,india,"Up to $2,000"
106,Master in Business Administration 80% OFF your Tuition fee,india,80% Tuition Fees
107,3 Month F1 Visa Study English in USA Scholarship with Windsor University,india,"$1,455 "
108,ArtUniverse,india,Full or partial scholarship
109,International Contest for Students Support 2022-2023,india,"Up to $2,000 awards"
110,Scholarships for Africa,india,$100 to $3000
111,LAPTOP Scholarships - study Supply Chains,india,up to $3000
112,TKS Full-Ride Scholarship,india,"100% Tuition Fee [value of $6,000+]"
113,Five scholarships of up to US$3000 for supply chain courses,india,"$3,000 "
114,International No-Essay Support Competition Scholarships 2022-2023,india,"Up to $2,000"
115,THGM MUSE Scholarship,india,US$500 or C$630
116,Master in Business Administration 80% OFF your Tuition fee - Scholarship,india,80% off tuition fee
117,International Students Support Contest 2022-2023,india,"Up to $2,000 awards"
118,Human Resource (HR) - Free Course From Windsor University's MBA,india,100% free
119,Project Management - Free Course From Windsor University's MBA,india,100% free
120,LSA International Student Scholarships at Regents of the University of Michigan in USA,united-states,"Up to $10,000"
121,International No-Essay Support Competition Scholarships 2022-2023,united-states,"Up to $2,000"
122,THGM MUSE Scholarship,united-states,US$500 or C$630
123,NLU Direct to Success Transfer Student Scholarship,united-states,25% Tuition Rate
124,Kendell College at NLU International Opportunity Scholarship,united-states,25% of the full-time tuition rate
125,NLU International Fresh Start Scholarship,united-states,44% tuition fee
126,National Louis University #YouAreWelcomeHere Scholarship,united-states,50% of full-time tuition
127,NLU Alumni Scholarship,united-states,15% Tuition Fee
128,Master in Business Administration 80% OFF your Tuition fee - Scholarship,united-states,80% off tuition fee
129,International Students Support Contest 2022-2023,united-states,"Up to $2,000 awards"
130,Tiffin University International Trustee Scholarships in USA,united-states,"$16,000 "
131,Tiffin University International President Scholarships in USA,united-states,"$14,000 "
132,Graduate International Scholarships at University of Central Oklahoma,united-states,"Up to $2,000 ($1,000 per year)"
133,International Opportunity Awards at Texas A&M University,united-states,"$100 to $15,000 p/a"
134,Human Resource (HR) - Free Course From Windsor University's MBA,united-states,100% free
135,Global Voices Scholarships at University of East Anglia,united-kingdom,"£20,000"
136,Postgraduate International Development Scholarships for Sub Saharan African Students in UK,united-kingdom,"£8,000"
137,Goodenough Scholarships,united-kingdom,"Up to £12,000"
138,International Contest for Students Support 2022-2023,united-kingdom,"Up to $2,000 awards"
139,Scholarships for Africa,united-kingdom,$100 to $3000
140,LAPTOP Scholarships - study Supply Chains,united-kingdom,up to $3000
141,Sports Science: Fully Funded Swansea / DSTL PhD: Human response to prolonged heat exposure,united-kingdom,Full cost of UK tuition fees and an annual stipend
142,Medicine: Fully Funded Swansea & HMRI PhD Scholarship: Ovarian Cancer Chemoresistance,united-kingdom,Full cost of tuition fees and an annual stipend
143,Nanotechnology: Fully Funded Swansea University and European Commission PhD,united-kingdom,Full cost of UK tuition fees and an annual stipend
144,Materials Engineering: Fully Funded Swansea University and CISM PhD: Advanced Dielectrics,united-kingdom,Full cost of UK tuition fees and an annual stipend
145,Sanctuary Scholarship,united-kingdom,"Full-fee and £10,000 a year towards study costs"
146,Dean's International Excellence Scholarship,united-kingdom,Full-fee
147,Dean's UK Excellence Scholarship,united-kingdom,100% of fees
148,Masters Excellence Scholarship,united-kingdom,50% of fees
149,TKS Full-Ride Scholarship,united-kingdom,"100% Tuition Fee [value of $6,000+]"
150,Project Management - Free Course From Windsor University's MBA,canada,100% free
151,Global No-Essay Contest Scholarships for International Students 2022-2023,canada,"Up to $2,000 awards"
152,Eon Essay Contest on The Precipice,canada,"15,000 USD top prize; 42,000 USD total prizes"
153,John and Lena Graham Commonwealth Bursary at Dalhousie University,canada,"At least $2,000"
154,International Student Support Contest 2022-2023,canada,Multiple awards
155,Excellence Scholarships for African Students Studying in English,canada,"$17,500 - $25,000 tuition fee reduction"
156,Online Islamic classes for kids,canada,40% off over all of our Islamic courses
157,The Annual IELTS from 6 to 9 Scholarship,canada,"$1,000 "
158,Scholarship for families want to learn Quran online,canada,50% off over all of our Quran courses
159,Brock University Emerging Market Entrance International Awards,canada,"$2,500 "
160,UBC International Talent Scholarships in Canada,canada,"$10,000 - $30,000"
161,P.E.O. International Scholar Awards,canada,"$20,000 "
162,Ted Rogers School Graduate Entrance Scholarships for International Students at Ryerson University,canada,"$20,000 "
163,Contest Scholarship Programme for International Students 2022,canada,"Up to $1,500"
164,Entrance international awards at LaSalle College Vancouver,canada,"Up to $10,000"
165,Project Management - Free Course From Windsor University's MBA,europe,100% free
166,Global No-Essay Contest Scholarships for International Students 2022-2023,europe,"Up to $2,000 awards"
167,Eon Essay Contest on The Precipice,europe,"15,000 USD top prize; 42,000 USD total prizes"
168,Anonymous Hope Fund,europe,"$3,000 "
169,International Student Support Contest 2022-2023,europe,Multiple awards
170,Online Islamic classes for kids,europe,40% off over all of our Islamic courses
171,The Annual IELTS from 6 to 9 Scholarship,europe,"$1,000 "
172,Scholarship for families want to learn Quran online,europe,50% off over all of our Quran courses
173,Contest Scholarship Programme for International Students 2022,europe,"Up to $1,500"
174,International Scholarship Student Competition 2022,europe,"Up to $2,000"
175,Global Contest Scholarships for International Students 2022,europe,Up to $2000 awards
176,KDS International Scholarship Competition 2021-22,europe,"Up to $1,500"
177,Professional Development Grants for International Students at University of Twente,europe,"Up to $6,500"
178,International Students Contest Scholarships 2021-2022,europe,Up to $1500
179,KDS Competition Scholarship 2021,europe,"Up to $1,500"
180,Global No-Essay Contest Scholarships for International Students 2022-2023,south-africa,"Up to $2,000 awards"
181,Eon Essay Contest on The Precipice,south-africa,"15,000 USD top prize; 42,000 USD total prizes"
182,Anonymous Hope Fund,south-africa,"$3,000 "
183,International Student Support Contest 2022-2023,south-africa,Multiple awards
184,Online Islamic classes for kids,south-africa,40% off over all of our Islamic courses
185,The Annual IELTS from 6 to 9 Scholarship,south-africa,"$1,000 "
186,Scholarship for families want to learn Quran online,south-africa,50% off over all of our Quran courses
187,Contest Scholarship Programme for International Students 2022,south-africa,"Up to $1,500"
188,UFIC Diane Fisher Awards for International Students in USA,south-africa,
189,International Scholarship Student Competition 2022,south-africa,"Up to $2,000"
190,Global Contest Scholarships for International Students 2022,south-africa,Up to $2000 awards
191,KDS International Scholarship Competition 2021-22,south-africa,"Up to $1,500"
192,Professional Development Grants for International Students at University of Twente,south-africa,"Up to $6,500"
193,International Students Contest Scholarships 2021-2022,south-africa,Up to $1500
194,Thomas A Plein Endowed funding for International Students at University of Queensland,south-africa,
195,Global No-Essay Contest Scholarships for International Students 2022-2023,nigeria,"Up to $2,000 awards"
196,Eon Essay Contest on The Precipice,nigeria,"15,000 USD top prize; 42,000 USD total prizes"
197,Anonymous Hope Fund,nigeria,"$3,000 "
198,International Student Support Contest 2022-2023,nigeria,Multiple awards
199,Online Islamic classes for kids,nigeria,40% off over all of our Islamic courses
200,The Annual IELTS from 6 to 9 Scholarship,nigeria,"$1,000 "
201,Scholarship for families want to learn Quran online,nigeria,50% off over all of our Quran courses
202,Contest Scholarship Programme for International Students 2022,nigeria,"Up to $1,500"
203,UFIC Diane Fisher Awards for International Students in USA,nigeria,
204,International Scholarship Student Competition 2022,nigeria,"Up to $2,000"
205,Global Contest Scholarships for International Students 2022,nigeria,Up to $2000 awards
206,KDS International Scholarship Competition 2021-22,nigeria,"Up to $1,500"
207,Professional Development Grants for International Students at University of Twente,nigeria,"Up to $6,500"
208,International Students Contest Scholarships 2021-2022,nigeria,Up to $1500
209,Thomas A Plein Endowed funding for International Students at University of Queensland,nigeria,
210,PEEF Scholarships,pakistan,Tuition fees and basic expenses
211,Global No-Essay Contest Scholarships for International Students 2022-2023,pakistan,"Up to $2,000 awards"
212,Eon Essay Contest on The Precipice,pakistan,"15,000 USD top prize; 42,000 USD total prizes"
213,Anonymous Hope Fund,pakistan,"$3,000 "
214,International Student Support Contest 2022-2023,pakistan,Multiple awards
215,Online Islamic classes for kids,pakistan,40% off over all of our Islamic courses
216,The Annual IELTS from 6 to 9 Scholarship,pakistan,"$1,000 "
217,Scholarship for families want to learn Quran online,pakistan,50% off over all of our Quran courses
218,Contest Scholarship Programme for International Students 2022,pakistan,"Up to $1,500"
219,International Scholarship Student Competition 2022,pakistan,"Up to $2,000"
220,Global Contest Scholarships for International Students 2022,pakistan,Up to $2000 awards
221,KDS International Scholarship Competition 2021-22,pakistan,"Up to $1,500"
222,Professional Development Grants for International Students at University of Twente,pakistan,"Up to $6,500"
223,International Students Contest Scholarships 2021-2022,pakistan,Up to $1500
224,2021 Contest Scholarships for International Students,pakistan,"Up to $1,500"
225,Global No-Essay Contest Scholarships for International Students 2022-2023,india,"Up to $2,000 awards"
226,Eon Essay Contest on The Precipice,india,"15,000 USD top prize; 42,000 USD total prizes"
227,Anonymous Hope Fund,india,"$3,000 "
228,International Student Support Contest 2022-2023,india,Multiple awards
229,Online Islamic classes for kids,india,40% off over all of our Islamic courses
230,The Annual IELTS from 6 to 9 Scholarship,india,"$1,000 "
231,Scholarship for families want to learn Quran online,india,50% off over all of our Quran courses
232,Contest Scholarship Programme for International Students 2022,india,"Up to $1,500"
233,International Scholarship Student Competition 2022,india,"Up to $2,000"
234,Global Contest Scholarships for International Students 2022,india,Up to $2000 awards
235,50% scholarship for students based in India - University of Essex Online,india,50% scholarship for all courses
236,KDS International Scholarship Competition 2021-22,india,"Up to $1,500"
237,Professional Development Grants for International Students at University of Twente,india,"Up to $6,500"
238,International Students Contest Scholarships 2021-2022,india,Up to $1500
239,2021 Contest Scholarships for International Students,india,"Up to $1,500"
240,CalArts Merit Scholarships for International Students in USA,united-states,"$10,000 p.a."
241,International Merit-Based Scholarships at Valparaiso University,united-states,Financial aid
242,Project Management - Free Course From Windsor University's MBA,united-states,100% free
243,Global No-Essay Contest Scholarships for International Students 2022-2023,united-states,"Up to $2,000 awards"
244,E-waste Scholarship,united-states,"$1,000 "
245,Eon Essay Contest on The Precipice,united-states,"15,000 USD top prize; 42,000 USD total prizes"
246,Orangesoft Women in Technology Scholarship Program,united-states,"$1,000 "
247,International Graduate Scholarships in USA,united-states,"Up to $2,000"
248,LCBAS and Applied Sciences International Merit Awards in USA,united-states,"$1,500 "
249,International Student Scholarships at Castleton University,united-states,"Up to $2,500 p.a."
250,International Student Support Contest 2022-2023,united-states,Multiple awards
251,Assisi Academic Scholarships for International Students at Marian University,united-states,"$8,000 "
252,International Scholarships at Lake Region State College,united-states,50% off tuition fees
253,Merit-Based Scholarships for International Students at Hartwick College,united-states,"$15,000 - $28,000 p.a."
254,Online Islamic classes for kids,united-states,40% off over all of our Islamic courses
255,Five scholarships of up to US$3000 for supply chain courses,united-kingdom,"$3,000 "
256,University of Sussex International PhD Studentships in Mind and Material Culture,united-kingdom,"Tuition fee, £15,609 p.a. + £2,000 research grant"
257,University of East Anglia Nigeria Awards in UK,united-kingdom,"Up to £5,000"
258,International Women in Business Scholarships at Queen Mary University of London,united-kingdom,"£4,000"
259,Dean’s International Bursary in Faculty of Arts,united-kingdom,"£1,000 p.a. for two years"
260,Lancashire School of Business and Enterprise PhD Studentships in UK,united-kingdom,"Tuition fees + £15,609 p.a."
261,Kolade Scholarships for International Students at University of Exeter Business School,united-kingdom,"£12,500"
262,Global Excellence Scholarships at Queen Mary University of London,united-kingdom,"£2,000"
263,Niloufar Ebrahim Scholarships for International Students at Kingston University London,united-kingdom,"Up to £11,100."
264,University of Manchester Merit-based Master’s International Scholarships in UK,united-kingdom,"£6,000"
265,Medical Engineering: Fully Funded EPSRC PhD Scholarship: AI approaches to cell imaging data,united-kingdom,Full cost of UK tuition fees and an annual stipend
266,Biosciences: Fully Funded PhD Scholarship at Swansea: Seagrass Restoration,united-kingdom,Full cost of UK tuition fees and an annual stipend
267,International No-Essay Support Competition Scholarships 2022-2023,united-kingdom,"Up to $2,000"
268,THGM MUSE Scholarship,united-kingdom,US$500 or C$630
269,Master in Business Administration 80% OFF your Tuition fee - Scholarship,united-kingdom,80% off tuition fee
270,Silver Anniversary Recruitment Graduate International Fellowships in Canada,canada,"$20,000 "
271,International Scholarship Student Competition 2022,canada,"Up to $2,000"
272,Global Contest Scholarships for International Students 2022,canada,Up to $2000 awards
273,Mehran Bibi Sheikh Memorial Entrance Scholarships for International Students at Queen’s University,canada,"$1,500 "
274,Engineering International Student Entrance Scholarships at University of Waterloo,canada,"$10,000 "
275,Caribbean Scholarships at Niagara College,canada,"$2,000 "
276,KDS International Scholarship Competition 2021-22,canada,"Up to $1,500"
277,University of Waterloo Graduate international awards in Canada,canada,"Up to $3,000"
278,Regional Graduate Program Entrance Scholarships for International Students at Conestoga College,canada,"$1,500 "
279,HEC Montréal MSc Entrance international awards in Canada,canada,"$5,000 "
280,Professional Development Grants for International Students at University of Twente,canada,"Up to $6,500"
281,English Proficiency Entrance Scholarships for International Students at Durham College,canada,"Up to $1,500"
282,B.C. Access Grants in Canada,canada,"Up to $4,000 p.a."
283,International Students Contest Scholarships 2021-2022,canada,Up to $1500
284,Differential Tuition Fee Exemption international awards at University of Ottawa,canada,Variable
285,2021 Contest Scholarships for International Students,europe,"Up to $1,500"
286,FindDataLab Research Grant Programme in USA and EU,europe,"Up to $1,000 towards web scraping serivces"
287,Google Anita Borg Memorial Scholarships for International Students at Arizona State University,europe,"$10,000 "
288,IU International University of Applied Sciences Online Scholarships for International Students in Germany,europe,Up to 85% of tuition fee
289,Scholarship for Online Learner at IU International University of Applied Sciences – Online,europe,Up to € 13.000
290,Scholarship for Academics at IU International University of Applied Sciences – Online,europe,up to €13.000
291,Scholarship for Future Entrepreneur at IU International University of Applied Sciences - Online,europe,not specified
292,Scholarship for STEM/MINT Professionals at IU International University of Applied Sciences - Online,europe,Up to €13.000
293,Scholarship for Women in Leadership and Management at IU International University of Applied Sciences - Online,europe,Up to €13.000
294,Fully-Funded PhD Studentship in Nanochemistry at University of Exeter,europe,"£15,009"
295,Marine Stewardship Council scholarship research program ,europe,Up to £4000
296,WCC scholarships programme (World Council of Churches),europe,Fully Funded
297,IPRA Foundation Peace Research Grants Program,europe,Fully Funded
298,Mawista Scholarship for Students Studying Abroad with a Child,europe,Fully Funded
299,ROTARY GLOBAL GRANTS,europe,Fully Funded
300,2021 Contest Scholarships for International Students,south-africa,"Up to $1,500"
301,Google Anita Borg Memorial Scholarships for International Students at Arizona State University,south-africa,"$10,000 "
302,IU International University of Applied Sciences Online Scholarships for International Students in Germany,south-africa,Up to 85% of tuition fee
303,Fully-Funded PhD Studentship in Nanochemistry at University of Exeter,south-africa,"£15,009"
304,Marine Stewardship Council scholarship research program ,south-africa,Up to £4000
305,WCC scholarships programme (World Council of Churches),south-africa,Fully Funded
306,IPRA Foundation Peace Research Grants Program,south-africa,Fully Funded
307,Mawista Scholarship for Students Studying Abroad with a Child,south-africa,Fully Funded
308,ROTARY GLOBAL GRANTS,south-africa,Fully Funded
309,European Molecular Biology Short-Term Fellowships,south-africa,Fully Funded
310,John Dillon Fellowship - Australian Centre for International Agricultural Research (ACIAR),south-africa,Fully Funded
311,Institute for Current World Affairs - FELLOWSHIPS,south-africa,Fully Funded
312,Adobe Research Women-in-Technology Scholarship,south-africa,Fully Funded
313,International Council of Ophthalmology (ICO) - Three-Month Fellowships,south-africa,Fully Funded
314,The Boehringer Ingelheim Fonds awards PhD fellowships,south-africa,Fully Funded
315,2021 Contest Scholarships for International Students,nigeria,"Up to $1,500"
316,Google Anita Borg Memorial Scholarships for International Students at Arizona State University,nigeria,"$10,000 "
317,IU International University of Applied Sciences Online Scholarships for International Students in Germany,nigeria,Up to 85% of tuition fee
318,Fully-Funded PhD Studentship in Nanochemistry at University of Exeter,nigeria,"£15,009"
319,Marine Stewardship Council scholarship research program ,nigeria,Up to £4000
320,WCC scholarships programme (World Council of Churches),nigeria,Fully Funded
321,IPRA Foundation Peace Research Grants Program,nigeria,Fully Funded
322,Mawista Scholarship for Students Studying Abroad with a Child,nigeria,Fully Funded
323,ROTARY GLOBAL GRANTS,nigeria,Fully Funded
324,European Molecular Biology Short-Term Fellowships,nigeria,Fully Funded
325,John Dillon Fellowship - Australian Centre for International Agricultural Research (ACIAR),nigeria,Fully Funded
326,Institute for Current World Affairs - FELLOWSHIPS,nigeria,Fully Funded
327,Adobe Research Women-in-Technology Scholarship,nigeria,Fully Funded
328,International Council of Ophthalmology (ICO) - Three-Month Fellowships,nigeria,Fully Funded
329,The Boehringer Ingelheim Fonds awards PhD fellowships,nigeria,Fully Funded
330,Google Anita Borg Memorial Scholarships for International Students at Arizona State University,pakistan,"$10,000 "
331,IU International University of Applied Sciences Online Scholarships for International Students in Germany,pakistan,Up to 85% of tuition fee
332,Fully-Funded PhD Studentship in Nanochemistry at University of Exeter,pakistan,"£15,009"
333,Scholarships at the Superior College in Pakistan,pakistan,The sponsorship will provide the educational fund for your studies.
334,April 2019 -Scholarship Application Open! Faculty of Global Studies,pakistan,30-100% tuition fee
335,Marine Stewardship Council scholarship research program ,pakistan,Up to £4000
336,WCC scholarships programme (World Council of Churches),pakistan,Fully Funded
337,IPRA Foundation Peace Research Grants Program,pakistan,Fully Funded
338,Mawista Scholarship for Students Studying Abroad with a Child,pakistan,Fully Funded
339,ROTARY GLOBAL GRANTS,pakistan,Fully Funded
340,European Molecular Biology Short-Term Fellowships,pakistan,Fully Funded
341,John Dillon Fellowship - Australian Centre for International Agricultural Research (ACIAR),pakistan,Fully Funded
342,Institute for Current World Affairs - FELLOWSHIPS,pakistan,Fully Funded
343,Adobe Research Women-in-Technology Scholarship,pakistan,Fully Funded
344,International Council of Ophthalmology (ICO) - Three-Month Fellowships,pakistan,Fully Funded
345,Google Anita Borg Memorial Scholarships for International Students at Arizona State University,india,"$10,000 "
346,IU International University of Applied Sciences Online Scholarships for International Students in Germany,india,Up to 85% of tuition fee
347,Fully-Funded PhD Studentship in Nanochemistry at University of Exeter,india,"£15,009"
348,April 2019 -Scholarship Application Open! Faculty of Global Studies,india,30-100% tuition fee
349,Marine Stewardship Council scholarship research program ,india,Up to £4000
350,WCC scholarships programme (World Council of Churches),india,Fully Funded
351,IPRA Foundation Peace Research Grants Program,india,Fully Funded
352,Mawista Scholarship for Students Studying Abroad with a Child,india,Fully Funded
353,ROTARY GLOBAL GRANTS,india,Fully Funded
354,European Molecular Biology Short-Term Fellowships,india,Fully Funded
355,John Dillon Fellowship - Australian Centre for International Agricultural Research (ACIAR),india,Fully Funded
356,Institute for Current World Affairs - FELLOWSHIPS,india,Fully Funded
357,Adobe Research Women-in-Technology Scholarship,india,Fully Funded
358,Visiting Student Program (VSP) - Raman Research Institute,india,Partially Funded
359,International Council of Ophthalmology (ICO) - Three-Month Fellowships,india,Fully Funded
360,The Annual IELTS from 6 to 9 Scholarship,united-states,"$1,000 "
361,Scholarship for families want to learn Quran online,united-states,50% off over all of our Quran courses
362,Academic Scholar- Distinction International Awards in USA,united-states,$500 + tuition fee reduction
363,CS/IS International Graduate Achievement Scholarships in USA,united-states,$500 
364,Leaders of Tomorrow international awards in USA,united-states,"$33,000 ($8,250 p.a.)"
365,P.E.O. International Scholar Awards,united-states,"$20,000 "
366,VCU Out-of-State Scholarships in the USA,united-states,"$7,500 "
367,Future Leaders in Tech Scholarship,united-states,"$20,000 "
368,Contest Scholarship Programme for International Students 2022,united-states,"Up to $1,500"
369,INTO SLU Undergraduate Regional Scholarships at Saint Louis University,united-states,"$500 - $15,000"
370,North Central College International Honors Scholarship in USA,united-states,"$27,000 p.a."
371,Global Citizen Scholarships at Saint Leo University,united-states,"$3,000 "
372,International Presidential Scholarships at North Central College,united-states,"$29,000 p.a."
373,OAS Scholarships for International Students at Marconi International University,united-states,55% of tuition fees
374,International Scholarship Student Competition 2022,united-states,"Up to $2,000"
375,Engineering: Fully Funded EPSRC PhD Scholarship at Swansea University: solid-state batteries,united-kingdom,Full cost of UK tuition fees and an annual stipend
376,International Students Support Contest 2022-2023,united-kingdom,"Up to $2,000 awards"
377,Becas Grisart 2022,united-kingdom,Take the courses free of charge.
378,BLACA Awards for International Students in UK,united-kingdom,"Up to £9,000 towards tuition fees"
379,GREAT Scholarships for International Students at University of York,united-kingdom,"£10,000"
380,University of Exeter Business School Online International Scholarships in UK,united-kingdom,"£5,000 or £750"
381,Postgraduate Taught International Scholarships at Hull York Medical School,united-kingdom, 5% fee reduction
382,Human Resource (HR) - Free Course From Windsor University's MBA,united-kingdom,100% free
383,Maths and Physics Undergraduate International Scholarships in UK,united-kingdom,"£5,000"
384,Postgraduate International Development Scholarships for South Korea Students,united-kingdom,"£6,000"
385,Computer Science Scholarships for International Students in UK,united-kingdom,"£2,000 or £4,000 tuition fee discount."
386,African & Caribbean Excellence Awards at University of Glasgow,united-kingdom,Full tuition fee waiver
387,Project Management - Free Course From Windsor University's MBA,united-kingdom,100% free
388,Global No-Essay Contest Scholarships for International Students 2022-2023,united-kingdom,"Up to $2,000 awards"
389,Engineering: Fully Funded PhD at Swansea: Capture and reduction of carbon emissions,united-kingdom,Full cost of tuition fees and an annual stipend
390,Entrance international awards at Sault College,canada,"Up to $4,000"
391,International Entrance Scholarships at Memorial University of Newfoundland,canada,"$4,400 "
392,International Postdoctoral Positions in Clinical Neurosciences,canada,"$55,000 p.a. + benefits"
393,McMaster University Award of Excellence in Canada,canada,"$3,000 "
394,KDS Competition Scholarship 2021,canada,"Up to $1,500"
395,University Canada West Americas Tuition Awards in Canada,canada,Discounted courses
396,University Canada West Second Language Excellence international awards,canada,"Up to $8,000"
397,2021 Contest Scholarships for International Students,canada,"Up to $1,500"
398,Dean’s Circle ESB International Student Awards in Canada,canada,"$5,000 "
399,University of Waterloo Arthur F. Church Mechanical Engineering international awards,canada,"Up to $5,000"
400,University of Ottawa International Admission Doctorate Scholarships in Canada,canada,"$9,000 p.a."
401,Emerging Market Entrance Awards for International Students at Brock University,canada,"$1,000-$4,000"
402,Google Anita Borg Memorial Scholarships for International Students at Arizona State University,canada,"$10,000 "
403,IU International University of Applied Sciences Online Scholarships for International Students in Germany,canada,Up to 85% of tuition fee
404,One-year Entrance Scholarships at McGill University,canada,"$12,000 "
405,European Molecular Biology Short-Term Fellowships,europe,Fully Funded
406,John Dillon Fellowship - Australian Centre for International Agricultural Research (ACIAR),europe,Fully Funded
407,Institute for Current World Affairs - FELLOWSHIPS,europe,Fully Funded
408,Adobe Research Women-in-Technology Scholarship,europe,Fully Funded
409,International Council of Ophthalmology (ICO) - Three-Month Fellowships,europe,Fully Funded
410,The Boehringer Ingelheim Fonds awards PhD fellowships,europe,Fully Funded
411,The Boehringer Ingelheim Fonds - Travel grants for junior researchers,europe,Fully Funded
412,"Paul Sumerall Memorial Scholarships, Merchants Bank of California",europe,Partially Funded
413,Hayek Fund for Scholars - Institute for Humane Studies at George Mason University,europe,Partially Funded
414,Erasmus Exchange Programme,europe,
415,YFU (Youth for Undestanding) - Youth Exchange,europe,
416,Be an exchange student for 1-2 semesters,europe,
417,Horizon 2020,europe,Fully Funded
418,Amelia Earhart Fellowship,europe,Fully Funded
419,The Leakey Foundation’s Research Grants to doctoral students,europe,Fully Funded
420,The Boehringer Ingelheim Fonds - Travel grants for junior researchers,south-africa,Fully Funded
421,"Paul Sumerall Memorial Scholarships, Merchants Bank of California",south-africa,Partially Funded
422,SAIIA Bradlow Fellowship Programme,south-africa,Fully Funded
423,Hayek Fund for Scholars - Institute for Humane Studies at George Mason University,south-africa,Partially Funded
424,Erasmus Exchange Programme,south-africa,
425,YFU (Youth for Undestanding) - Youth Exchange,south-africa,
426,Be an exchange student for 1-2 semesters,south-africa,
427,Horizon 2020,south-africa,Fully Funded
428,Amelia Earhart Fellowship,south-africa,Fully Funded
429,The Leakey Foundation’s Research Grants to doctoral students,south-africa,Fully Funded
430,Axol Science Scholarship for Graduate or Undergraduate Degree Programs,south-africa,Fully Funded
431,ArtUniverse Scholarships,south-africa,Partially Funded
432,DRD Scholarships for Sub-Saharan Africans,south-africa,
433,The Boehringer Ingelheim Fonds - Travel grants for junior researchers,nigeria,Fully Funded
434,"Paul Sumerall Memorial Scholarships, Merchants Bank of California",nigeria,Partially Funded
435,Hayek Fund for Scholars - Institute for Humane Studies at George Mason University,nigeria,Partially Funded
436,Erasmus Exchange Programme,nigeria,
437,YFU (Youth for Undestanding) - Youth Exchange,nigeria,
438,Be an exchange student for 1-2 semesters,nigeria,
439,Horizon 2020,nigeria,Fully Funded
440,Amelia Earhart Fellowship,nigeria,Fully Funded
441,The Leakey Foundation’s Research Grants to doctoral students,nigeria,Fully Funded
442,Axol Science Scholarship for Graduate or Undergraduate Degree Programs,nigeria,Fully Funded
443,ArtUniverse Scholarships,nigeria,Partially Funded
444,The Boehringer Ingelheim Fonds awards PhD fellowships,pakistan,Fully Funded
445,The Boehringer Ingelheim Fonds - Travel grants for junior researchers,pakistan,Fully Funded
446,"Paul Sumerall Memorial Scholarships, Merchants Bank of California",pakistan,Partially Funded
447,Hayek Fund for Scholars - Institute for Humane Studies at George Mason University,pakistan,Partially Funded
448,Erasmus Exchange Programme,pakistan,
449,YFU (Youth for Undestanding) - Youth Exchange,pakistan,
450,Be an exchange student for 1-2 semesters,pakistan,
451,Horizon 2020,pakistan,Fully Funded
452,Amelia Earhart Fellowship,pakistan,Fully Funded
453,The Leakey Foundation’s Research Grants to doctoral students,pakistan,Fully Funded
454,Axol Science Scholarship for Graduate or Undergraduate Degree Programs,pakistan,Fully Funded
455,ArtUniverse Scholarships,pakistan,Partially Funded
456,The Boehringer Ingelheim Fonds awards PhD fellowships,india,Fully Funded
457,The Boehringer Ingelheim Fonds - Travel grants for junior researchers,india,Fully Funded
458,"Paul Sumerall Memorial Scholarships, Merchants Bank of California",india,Partially Funded
459,Hayek Fund for Scholars - Institute for Humane Studies at George Mason University,india,Partially Funded
460,Erasmus Exchange Programme,india,
461,YFU (Youth for Undestanding) - Youth Exchange,india,
462,Be an exchange student for 1-2 semesters,india,
463,Horizon 2020,india,Fully Funded
464,Amelia Earhart Fellowship,india,Fully Funded
465,The Leakey Foundation’s Research Grants to doctoral students,india,Fully Funded
466,Axol Science Scholarship for Graduate or Undergraduate Degree Programs,india,Fully Funded
467,The Indian Technical and Economic Cooperation (ITEC) Programme,india,Fully Funded
468,ArtUniverse Scholarships,india,Partially Funded
469,Wichita International Student Hardship Fund in the United States,united-states,"Up to $1,000"
470,merit awards for International Students at Columbia College,united-states,"Up to $12,000 p.a."
471,Global Contest Scholarships for International Students 2022,united-states,Up to $2000 awards
472,Meistersinger music awards for International Students at Wartburg College,united-states,"Up to $5,000 p.a."
473,Musicians Institute Musicianship international awards in USA,united-states,"$1,000 "
474,Merit-Based Scholarships for International Students at St. Francis College,united-states,"Up to $7,500"
475,College of Lake County International Student Scholarships in USA,united-states,"$1,000 "
476,Catherine T. McNamee International Student Scholarships in USA,united-states,"Up to $30,000 p.a."
477,KDS International Scholarship Competition 2021-22,united-states,"Up to $1,500"
478,Professional Development Grants for International Students at University of Twente,united-states,"Up to $6,500"
479,International Presidential Scholarships at Stratford University,united-states,25% tuition discount
480,International Opportunity Scholarships at National Louis University,united-states,10% of the full-time tuition rate
481,International Students Contest Scholarships 2021-2022,united-states,Up to $1500
482,John Barras DDS Autism Scholarships,united-states,"$1,000 "
483,Merit-Based Scholarships for International Students at Kalamazoo College,united-states,"$21,000-35,000 p.a."
484,Sports Science: Fully Funded PhD at Swansea: The effect of mineral rich Algae,united-kingdom,Full cost of UK tuition fees and an annual stipend
485,Physics: Fully Funded PhD Scholarship at Swansea: Photovoltaic Applications,united-kingdom,Full cost of UK tuition fees and an annual stipend
486,Eon Essay Contest on The Precipice,united-kingdom,"15,000 USD top prize; 42,000 USD total prizes"
487,Anonymous Hope Fund,united-kingdom,"$3,000 "
488,University of Sussex Hornsey Scholarship in UK,united-kingdom,"£10,000"
489,David Sainsbury Full MSc Scholarships for International Students in UK,united-kingdom,"Full tuition fees + £15,609 p.a. stipend"
490,Think Big About Education International Scholarships in UK,united-kingdom,"£5,000"
491,Lebanon Bursaries at University of Warwick,united-kingdom,25% tuition fee discount
492,Chancellors International Business School Scholarships at University of Sussex,united-kingdom,"£5,000 p.a."
493,Chancellors International Engineering and Informatics Scholarships,united-kingdom,"£5,000 p.a."
494,University of St Andrews EU Scholarships in UK,united-kingdom,"£8,000"
495,Blockchain in Business and Society International Scholarships,united-kingdom,"£15,000"
496,GREAT Scholarships for International Students at Falmouth University,united-kingdom,"£10,000"
497,Intake Education Taiwan Scholarships in UK,united-kingdom,"£2,000"
498,INTO Progressors International Scholarships at Queen’s University Belfast,united-kingdom,10% of tuition fees
499,Fully-Funded PhD Studentship in Nanochemistry at University of Exeter,canada,"£15,009"
500,Graduate Dean’s Entrance Scholarship at University of British Columbia,canada,"$5,000 "
501,International Scholarship Program (Firdaws Academy),canada,100%
502,MPOWER Global Citizen Scholarship,canada,"Fixed interest rates for amounts between $2,001.00 and $50,000.00"
503,Marine Stewardship Council scholarship research program ,canada,Up to £4000
504,WCC scholarships programme (World Council of Churches),canada,Fully Funded
505,IPRA Foundation Peace Research Grants Program,canada,Fully Funded
506,Centre for Studies in Religion and Society (CSRS) Visiting Research Fellowships,canada,Partially Funded
507,Mawista Scholarship for Students Studying Abroad with a Child,canada,Fully Funded
508,ROTARY GLOBAL GRANTS,canada,Fully Funded
509,European Molecular Biology Short-Term Fellowships,canada,Fully Funded
510,John Dillon Fellowship - Australian Centre for International Agricultural Research (ACIAR),canada,Fully Funded
511,Konrad von Moltke Research Grants for the young researchers,canada,Fully Funded
512,Institute for Current World Affairs - FELLOWSHIPS,canada,Fully Funded
513,Adobe Research Women-in-Technology Scholarship,canada,Fully Funded
514,Axol Science Scholarship for Graduate or Undergraduate Degree Programs,europe,Fully Funded
515,ArtUniverse Scholarships,europe,Partially Funded
516,KU Full-tuition International Excellence Awards in USA,united-states,"Up to a full tuition waiver ($25,000+/year)"
517,International Undergraduate Commitment Scholarships at Western Illinois University,united-states,"Up to $8,000"
518,international awards at Anderson University,united-states,Variable
519,International Student Emergency Relief Scholarships in USA,united-states,"Up to $1,000"
520,KDS Competition Scholarship 2021,united-states,"Up to $1,500"
521,2021 Contest Scholarships for International Students,united-states,"Up to $1,500"
522,Graduate Studies international awards at University of Southern Maine,united-states,"Up to $3,000"
523,Charger Award for International Students at University of New Haven,united-states,"Up to $14,000 p.a."
524,Freshman Scholarships for International Students at Wilkes University in USA,united-states,"$14,000 – $21,000"
525,President’s Entrance international awards at Ryerson University in Canada,united-states,"$40,000 "
526,John Foy & Associates Strong Arm Leukemia funding for International Students in USA,united-states,"$1,000 "
527,James B. Duke Scholarships for International Students at Furman University,united-states,Full tuition + stipend
528,University of Findlay International Scholar Awards in USA,united-states,Variable
529,Musicians Institute Melodic Soloing Guitar international awards in USA,united-states,"$1,500 "
530,FindDataLab Research Grant Programme in USA and EU,united-states,"Up to $1,000 towards web scraping serivces"
531,Mischon de Reya Scholarships for International Students at Queen Mary University of London,united-kingdom,Full tuition fees
532,CU Group Undergraduate International Scholarships in UK,united-kingdom,"£5,000"
533,International Student Support Contest 2022-2023,united-kingdom,Multiple awards
534,Department of Meteorology International PhD Scholarships in UK,united-kingdom,"Up to £3,000"
535,Postgraduate International Studentships in Marketing,united-kingdom,"£5,900"
536,Online Islamic classes for kids,united-kingdom,40% off over all of our Islamic courses
537,The Annual IELTS from 6 to 9 Scholarship,united-kingdom,"$1,000 "
538,Scholarship for families want to learn Quran online,united-kingdom,50% off over all of our Quran courses
539,African Scholarships at University of Essex,united-kingdom,"£4,500"
540,GREAT Scholarships for Mexican Students at Queen’s University Belfast,united-kingdom,"£10,000"
541,GREAT China Scholarships for Justice and Law,united-kingdom,"£10,000"
542,Great Scholarship for Chinese Students at University of Sussex,united-kingdom,"£10,000"
543,Warwick WMG Bursaries for Iranian Students in UK,united-kingdom,25% of tuition fees
544,International School Undergraduate Outstanding Achievement Scholarships in UK,united-kingdom,"£2,500"
545,University of Glasgow Angela Adams Scholarship 2022,united-kingdom,"£5,000"
546,Mount Saint Vincent University - Graduate Student Scholarships,canada,Partially Funded
547,International Council of Ophthalmology (ICO) - Three-Month Fellowships,canada,Fully Funded
548,The Boehringer Ingelheim Fonds awards PhD fellowships,canada,Fully Funded
549,The Boehringer Ingelheim Fonds - Travel grants for junior researchers,canada,Fully Funded
550,"Paul Sumerall Memorial Scholarships, Merchants Bank of California",canada,Partially Funded
551,McGill University - Entrance Law Scholarships,canada,Partially Funded
552,"McGill University - Graduate Law Scholarships, funds and bursaries",canada,Partially Funded
553,University of Manitoba - Graduate Fellowship (UMGF),canada,Fully Funded
554,York University - International Entrance Scholarship,canada,Partially Funded
555,Hayek Fund for Scholars - Institute for Humane Studies at George Mason University,canada,Partially Funded
556,The Humane Studies Fellowship - Institute for Humane Studies at George Mason University,canada,Fully Funded
557,IIASA Funded Postdoctoral Fellowships,canada,Fully Funded
558,Erasmus Exchange Programme,canada,
559,YFU (Youth for Undestanding) - Youth Exchange,canada,
560,Be an exchange student for 1-2 semesters,canada,
561,International Merit Awards at Culinary Institute of America,united-states,Tuition fee reduction.
562,Google Anita Borg Memorial Scholarships for International Students at Arizona State University,united-states,"$10,000 "
563,Quran Learning Scholarship Program,united-states,Up to $300
564,Need-Based Grants for International Students in the United States,united-states,"Up to $10,000 p.a."
565,Global Leader Scholarships in the USA,united-states,"approx. $10,656 p.a."
566,4WARD Graduation Scholarships for International Students,united-states,50% of tuition over 4 years
567,IU International University of Applied Sciences Online Scholarships for International Students in Germany,united-states,Up to 85% of tuition fee
568,International Merit Scholarship at University of Memphis,united-states,Varying award amount
569,"$2,500 for Graduate School: GradCAS Breakthrough Scholarship",united-states,"$2,500 "
570,"$2,500 for Engineering Students: EngineeringCAS Breakthrough Scholarship",united-states,"$2,500 "
571,"$2,500 for Business School: BusinessCAS Breakthrough Scholarship",united-states,"$2,500 "
572,Invitation to Idaho funding for International Students at University of Idaho,united-states,"$15,084 "
573,Fully-Funded PhD Studentship in Nanochemistry at University of Exeter,united-states,"£15,009"
574,Carr Academic Scholarship,united-states,"$15,000 "
575,Global Scholars Program to Study at Babson College,united-states,full scholarship
576,University of Birmingham Bellerbys Outstanding Achievement International Scholarship in UK,united-kingdom,"£2,500"
577,GREAT Scholarships for Ghana Students at University of Warwick,united-kingdom,"£15,000"
578,Great Scholarships for India and Singapore Students at University of Plymouth,united-kingdom,"£10,000"
579,Latin American Taught Scholarships in UK,united-kingdom,"£5,000"
580,Advanced Chemical Engineering Professor’s International Scholarship in UK,united-kingdom,"Up to £11,075"
581,ULMS Indian Subcontinent Excellence Scholarships in UK,united-kingdom,50% of tuition fees
582,Sir Ray Tindle international awards at University of Creative Arts,united-kingdom,"£1,000 p.a."
583,Great Scholarships for International Students at University of Derby,united-kingdom,"£11,000"
584,UCA Creative Europe Scholarships in UK,united-kingdom,Tuition fee reduction to UK home fees
585,UCA Nick Jack Scholarships for International Students in UK,united-kingdom,"£5,000"
586,ULMS European Union Excellence Scholarships in UK,united-kingdom,50% of tuition fees
587,Aberystwyth University IBERS international awards in UK,united-kingdom,40% tuition fee discount
588,Contest Scholarship Programme for International Students 2022,united-kingdom,"Up to $1,500"
589,EU Grant Award at the University of Gloucestershire,united-kingdom,"£3,000"
590,Robert Lethbridge international awards in Modern Language,united-kingdom,"£1,250"
591,Horizon 2020,canada,Fully Funded
592,PhD Position in Fiber Devices for International Students,canada,Fully Funded
593,Amelia Earhart Fellowship,canada,Fully Funded
594,The Leakey Foundation’s Research Grants to doctoral students,canada,Fully Funded
595,Axol Science Scholarship for Graduate or Undergraduate Degree Programs,canada,Fully Funded
596,ArtUniverse Scholarships,canada,Partially Funded
597,Carleton University Entrance Scholarships for International Students,canada,Partially Funded
598,International Student Scholarships - Western University (UWO),canada,Partially Funded
599,National Buckeye Scholarship,united-states,"$54,000 "
600,Spirit of Giving Scholarship,united-states,"$3,000 "
601,Global Spartan Leadership Program for International Students at Michigan State University,united-states,"$8,000 "
602,International Scholarship Program (Firdaws Academy),united-states,100%
603,MIT THINK Scholarship Program,united-states,"$7,000 worth of prizes"
604,University of Maine Intensive English Institute Discovery Scholarship in the USA,united-states,"US $2,000"
605,President’s Postdoctoral Fellowship Program at University of California in USA,united-states,"$50,760 "
606,Family Empowerment program,united-states,The scholarship amount is the lesser of the school’s tuition and fees or the calculated scholarship amount 
607,Rentkidz Annual Scholarship,united-states,$750 
608,MPOWER Global Citizen Scholarship,united-states,"Fixed interest rates for amounts between $2,001.00 and $50,000.00"
609,Prodigy Finance – International Student Loans,united-states,
610,MPOWER Financing – Education Loans for International Students,united-states,"Fixed interest rates for amounts between $2,001.00 and $50,000.00"
611,Marine Stewardship Council scholarship research program ,united-states,Up to £4000
612,Ratingle Scholarship Program,united-states,"$1,000 "
613,Embry-Riddle Aeronautical University Scholarships,united-states,Partially Funded
614,UCB EU Transition Awards in UK,united-kingdom,Tuition fee discount
615,University of Strathclyde Access Bursary for ROI Students in UK,united-kingdom,Up to £3000
616,Lady Eileen McDonald EU & International Student Funds in UK,united-kingdom,£300-£500
617,LPDP Indonesia Scholarships at Cranfield University,united-kingdom,Variable funds
618,Cranfield Water Scholarships for Malawian Students in UK,united-kingdom,"£6,000"
619,John Gilbert Vause Memorial International Scholarship in the UK,united-kingdom,£500
620,International Scholarships at Durham University,united-kingdom,"£5,000 p.a."
621,International College Dundee Entrant Scholarships in UK,united-kingdom,"Up to £4,500 p.a."
622,International Scholarship Student Competition 2022,united-kingdom,"Up to $2,000"
623,Global Contest Scholarships for International Students 2022,united-kingdom,Up to $2000 awards
624,Swansea University EU Transitional Bursary in UK,united-kingdom,Tuition fee reduction
625,50% scholarship for students based in India - University of Essex Online,united-kingdom,50% scholarship for all courses
626,ITESM Doble Grado Tuition Fee Discount for International Students in UK,united-kingdom,50% of tuition fees
627,High Achiever Scholarships for UK and Ireland Students at University of Buckingham,united-kingdom," £2,000"
628,LLM Master of Law Scholarships for International Students at University of Roehampton,united-kingdom,"£5,000"
629,NYU Wagner Merit Scholarships,united-states,Partially Funded
630,Scholarships and Financial Aid for International Students - University of Oregon,united-states,Partially Funded
631,WCC scholarships programme (World Council of Churches),united-states,Fully Funded
632,IPRA Foundation Peace Research Grants Program,united-states,Fully Funded
633,Jefferson Fellowship,united-states,Fully Funded
634,East Tennessee University - General Undergraduate Scholarships,united-states,Partially Funded
635,The Nieman Foundation - Journalism Fellowships,united-states,Fully Funded
636,Scholarships at Church Divinity School  of the Pacific,united-states,Partially Funded
637,Rajawali Fellows Program - Harvard Kennedy School,united-states,Partially Funded
638,Mawista Scholarship for Students Studying Abroad with a Child,united-states,Fully Funded
639,East Tennessee State University - International Students Academic Merit Scholarship,united-states,Partially Funded
640,Emory University scholarships for International Students,united-states,Partially Funded
641,Illinois Wesleyan University - International Student Scholarships,united-states,Partially Funded
642,Berea’s Tuition Promise Scholarship,united-states,Partially Funded
643,ROTARY GLOBAL GRANTS,united-states,Fully Funded
644,Lancaster EU Transition Scholarships in UK,united-kingdom,"£7,000"
645,Heads of School Scholarships for EU Students at Bangor University,united-kingdom,10% of tuition fee p.a.
646,University of Leeds Faculty of Engineering and Physical Sciences International Undergraduate Excellence Scholarships in UK,united-kingdom,"Up to £6,000"
647,UEA Turkish Awards in the UK,united-kingdom,"Up to £5,000"
648,PGR Transitional Bursary for International Students at Swansea University,united-kingdom,Reduced tuition fee
649,University of Roehampton EU Transition Scholarships in UK,united-kingdom,Tuition fee discount
650,University of Birmingham Poynting Excellence international awards in UK,united-kingdom,"Up to £3,000"
651,EU/EEA Scholarships at Middlesex University London in UK,united-kingdom,Reduced tuition fees
652,Africa postgraduate placements at University of Dundee in UK,united-kingdom,"£5,000"
653,Postgraduate Research international awards in Theory and Simulations of Frequency,united-kingdom,"Fees, stipend + benefits"
654,KDS International Scholarship Competition 2021-22,united-kingdom,"Up to $1,500"
655,Professional Development Grants for International Students at University of Twente,united-kingdom,"Up to $6,500"
656,International PhD Studentships in Metamaterial Nano-Machines,united-kingdom,Tuition fees + limited funding
657,International Excellent Student Scholarships at University of Derby,united-kingdom,"£5,000"
658,international awards at Brockenhurst College,united-kingdom,Up to 50% tuition fees
659,European Molecular Biology Short-Term Fellowships,united-states,Fully Funded
660,John Dillon Fellowship - Australian Centre for International Agricultural Research (ACIAR),united-states,Fully Funded
661,Kingston University - International Scholarships,united-states,Partially Funded
662,Thomas College - Graduate International Scholarship Program,united-states,Partially Funded
663,Hamilton College Scholarships for International Students,united-states,Partially Funded
664,Konrad von Moltke Research Grants for the young researchers,united-states,Fully Funded
665,Institute for Current World Affairs - FELLOWSHIPS,united-states,Fully Funded
666,Fulbright Foreign Student Program,united-states,Fully Funded
667,The American Indian Graduate Center - Scholarships,united-states,Partially Funded
668,Adobe Research Women-in-Technology Scholarship,united-states,Fully Funded
669,Fellowships and Scholarships at Pardee RAND Graduate School,united-states,Partially Funded
670,Loyola University Undergraduate Scholarships,united-states,Partially Funded
671,John Lennon Scholarships,united-states,Partially Funded
672,New York Film Academy (NYFA) Scholarships,united-states,Partially Funded
673,University of Dayton Scholarships for Undergraduate International Students,united-states,Partially Funded
674,University of Leeds MBA EEA Excellence Scholarships in UK,united-kingdom,Half-fee
675,South Asia Scholarships at University of Dundee,united-kingdom,"$5,000 p.a., up to £25,000"
676,EU Bursary at University of Reading,united-kingdom,"Up to £6,000"
677,Engagement Bursary for UK and EU Students at University of East London,united-kingdom,"Up to £2,000"
678,East African Scholarships at University of Edinburgh,united-kingdom,100% tuition fees
679,University of Leeds MBA Americas Excellence Scholarships in UK,united-kingdom,Half-fee
680,International Students Contest Scholarships 2021-2022,united-kingdom,Up to $1500
681,EU Transition Bursary at University of Derby,united-kingdom,"£4,500 p.a."
682,Dr George Moore Data Science International Student Scholarships in UK,united-kingdom,"£3,000"
683,EU postgraduate placements at University of Stirling,united-kingdom,40% fee discount
684,University of Manchester International Mathematics Scholarships in UK,united-kingdom,"£1,000 p.a."
685,University of Liverpool International College (UoLIC) Excellence Scholarships in UK,united-kingdom,"£5,000 tuition fee reduction"
686,University of Liverpool Management School European Union Excellence Scholarships,united-kingdom,50% tuition fee waiver
687,University of Manchester Global Futures Scholarships in UK,united-kingdom,Variable
688,Stirling Postgraduate Bangladesh Scholarships in UK,united-kingdom,"£4,000"
689,International Council of Ophthalmology (ICO) - Three-Month Fellowships,united-states,Fully Funded
690,Jefferson Undergraduate Scholarship - University of Virginia,united-states,Fully Funded
691,Georgia College Scholarships for International Students,united-states,Partially Funded
692,Brandeis University - Merit- and Need-Based Scholarships,united-states,Partially Funded
693,The Boehringer Ingelheim Fonds awards PhD fellowships,united-states,Fully Funded
694,The Boehringer Ingelheim Fonds - Travel grants for junior researchers,united-states,Fully Funded
695,"Global Achievement Scholarship, Full Sail University",united-states,Partially Funded
696,"Paul Sumerall Memorial Scholarships, Merchants Bank of California",united-states,Partially Funded
697,Harvard University-Graduate School of Arts and Sciences - Dissertation Completion Fellowships (DCF),united-states,Fully Funded
698,Reagan-Fascell Democracy Fellows - National Endowment for Democracy,united-states,Fully Funded
699,TransAtlantic Masters - Scholarships,united-states,Not Funded
700,Euromasters Scholarships,united-states,Partially Funded
701,Hayek Fund for Scholars - Institute for Humane Studies at George Mason University,united-states,Partially Funded
702,The Humane Studies Fellowship - Institute for Humane Studies at George Mason University,united-states,Fully Funded
703,Kutztown University of Pennsylvania - International Student Scholarships,united-states,Partially Funded
704,Aberdeen Global Scholarships for EU Students in UK,united-kingdom,"Up to £5,000"
705,International Excellence Scholarships at University of East Anglia,united-kingdom,"£4,000"
706,University of Plymouth Mayflower funding for USA students,united-kingdom,"£1,620 tuition fee discount"
707,EU Scholarships at University of Southampton,united-kingdom,"£5,000"
708,Katrina Honeyman Scholarships for International Students in UK,united-kingdom,"£2,000 p.a."
709,Materials Science Entry Scholarships for International Students at University of Birmingham,united-kingdom,"Up to £3,500"
710,Queen’s Excellence International Awards in UK,united-kingdom,"£2,000"
711,International Excellence Scholarships at University of Birmingham,united-kingdom,"£1,500"
712,Postgraduate Taught International Student Scholarships at University of Plymouth,united-kingdom,"£2,000"
713,International Academic Excellence Scholarships at University of Plymouth,united-kingdom,50% off tuition fees
714,University of York Maths Academic Excellence international awards,united-kingdom,"£1,000"
715,International music awards at Swansea University,united-kingdom,Value of £1000 p.a.
716,Fulbright Commission Awards for USA Students at University of Warwick in UK,united-kingdom,"Up to £26,500"
717,45 Durham University Business School Masters international awards in UK,united-kingdom,"Up to £6,000 off tuition fees"
718,Rolls Royce PhD Positionsat University of Nottingham for UK and EU Students,united-kingdom,"Tuition fees + £18,000 p.a. stipend"
719,Erasmus Exchange Programme,united-states,
720,YFU (Youth for Undestanding) - Youth Exchange,united-states,
721,Study in the USA as an exchange student (1-2 semesters),united-states,
722,Be an exchange student for 1-2 semesters,united-states,
723,Horizon 2020,united-states,Fully Funded
724,Amelia Earhart Fellowship,united-states,Fully Funded
725,The Leakey Foundation’s Research Grants to doctoral students,united-states,Fully Funded
726,Axol Science Scholarship for Graduate or Undergraduate Degree Programs,united-states,Fully Funded
727,ArtUniverse Scholarships,united-states,Partially Funded
728,Kellogg Institute for International Studies - Visiting Fellowships,united-states,Fully Funded
729,"ChameleonJohn Annual $3,000 Scholarship for US Studies",united-states,Not Funded
730,New York University Stern merit-based scholarships,united-states,Partially Funded
731,International Student Scholarships - University of Evansville,united-states,Partially Funded
732,International Tuition Award - University of Arizona,united-states,Partially Funded
733,UN-Nippon Fellowship Programme in Ocean Affairs for Coastal Developing Countries,united-states,
734,Academic Achievement International Foundation Progression Scholarships in UK,united-kingdom,"£3,000"
735,University of Derby International merit awards in UK,united-kingdom,"£1,500"
736,Lancaster University Global Scholarships for African Students in UK,united-kingdom,"£3,000"
737,KDS Competition Scholarship 2021,united-kingdom,"Up to $1,500"
738,2021 Contest Scholarships for International Students,united-kingdom,"Up to $1,500"
739,PhD in Advanced Manufacture for UK and EU Students in UK,united-kingdom,"£15,285 p.a."
740,PhDs (Cotutelle) Scholarships for EU Students at University of Kent,united-kingdom,50% Tuition fee
741,Queen’s University Belfast Vice-Chancellor’s International Attainment postgraduate placements,united-kingdom,50% discount on tuition fees
742,Vice-Chancellor’s Postgraduate International Excellence Scholarships at University of Brighton,united-kingdom,"£3,000"
743,FindDataLab Research Grant Programme in USA and EU,united-kingdom,"Up to $1,000 towards web scraping serivces"
744,Warwick School of Engineering PhD International Studentships in Pharmacometric Modelling,united-kingdom,"£15,250 p.a. + tuition fees"
745,Google Anita Borg Memorial Scholarships for International Students at Arizona State University,united-kingdom,"$10,000 "
746,LLM Academic Excellence Scholarships for International Students at University of East Anglia,united-kingdom,"Up to £3,000"
747,Richard and Susan Hayden Academy Fellowship for Worldwide Students in UK,united-kingdom,"£2,365 monthly stipend"
748,Anniversary Scholarships at London School of Economics and Political Science,united-kingdom,"£5,000-£25,000"
749,Rotary Peace Fellowships,united-states,
750,Full Tuition PhD Positionsfor UK and EU Students at University of Warwick,united-kingdom,Full university fees + allowance/award
751,IU International University of Applied Sciences Online Scholarships for International Students in Germany,united-kingdom,Up to 85% of tuition fee
752,Cranfield University international awards in the UK,united-kingdom,
753,Built Environment Undergraduate Silver Award for International Students at University of Salford,united-kingdom,£2000
754,University of Portsmouth Faculty of Business and Law Postgraduate funding for UK and EU Students in UK,united-kingdom,
755,Coventry University EU Academic Excellence Award in the UK,united-kingdom,"£1,500"
756,St Mary’s University Vice-Chancellor’s Excellence funding for UK and EU Students in UK,united-kingdom,"£3,000"
757,University of Liverpool Management School Future Leaders Master’s funding for UK and EU Students in UK,united-kingdom,Full fee waiver
758,Leicester Castle Business School International Postgraduate Taught Merit Scholarship in UK,united-kingdom,"£2,500"
759,University of Bradford International MSc Scholarship in UK,united-kingdom,Scholarship 
760,Global MBA International Scholarship at De Montfort University,united-kingdom," £2,500,"
761,UCL DPU Health in Urban Development International Scholarship in UK,united-kingdom,"£10,000"
762,International Excellence/Achievement Scholarship at University of Birmingham,united-kingdom," £7,500"
763,Scholarship for Online Learner at IU International University of Applied Sciences – Online,united-kingdom,Up to € 13.000
764,Scholarship for Academics at IU International University of Applied Sciences – Online,united-kingdom,up to €13.000
765,Scholarship for Future Entrepreneur at IU International University of Applied Sciences - Online,united-kingdom,not specified
766,Scholarship for STEM/MINT Professionals at IU International University of Applied Sciences - Online,united-kingdom,Up to €13.000
767,Scholarship for Women in Leadership and Management at IU International University of Applied Sciences - Online,united-kingdom,Up to €13.000
768,International Sporting Excellence Award at University of Nottingham,united-kingdom,"£5,000"
769,International Foundation Year Scholarship at the University of Leeds in the UK,united-kingdom,"£3,000"
770,Fully-Funded PhD Studentship in Nanochemistry at University of Exeter,united-kingdom,"£15,009"
771,Merit funding for International Students at University of Central Lancashire,united-kingdom,"£2,000 per year"
772,International Scholarship Program (Firdaws Academy),united-kingdom,100%
773,international awards at the University of South Wales in the UK,united-kingdom,"£2,250"
774,PGT Excellence International Scholarship at the University of Glasgow in the UK,united-kingdom, £5000
775,Oxford Leo Tong Chen Scholarships for International Students in the UK,united-kingdom,"£15,000 "
776,Prodigy Finance – International Student Loans,united-kingdom,
777,Marine Stewardship Council scholarship research program ,united-kingdom,Up to £4000
778,"Goldsmiths, University of London International Response Scholarships",united-kingdom,
779,"International Merit Postgraduate Scholarships at University of Sheffield in UK, 2017",united-kingdom,25% of tuition fees
780,"University of Manchester PhD Scholarships for International Students in UK, 2017-2018",united-kingdom,
781,UCL Undergraduate Scholarships/Bursaries (University College London),united-kingdom,Partially Funded
782,Erasmus Mundus European Master in Global Studies,united-kingdom,Fully Funded
783,EMBL International PhD Programme: Fellowships,united-kingdom,Fully Funded
784,"International Science Scholarships, Nottingham Trent University",united-kingdom,Partially Funded
785,WCC scholarships programme (World Council of Churches),united-kingdom,Fully Funded
786,IPRA Foundation Peace Research Grants Program,united-kingdom,Fully Funded
787,ECF (European Cultural Foundation) STEP Beyond Travel grant,united-kingdom,Partially Funded
788,UWE Bristol International Scholarships: Postgraduate,united-kingdom,Partially Funded
789,Mawista Scholarship for Students Studying Abroad with a Child,united-kingdom,Fully Funded
790,Brunel International Scholarships,united-kingdom,Partially Funded
791,Wessex Institute of Technology - Research Studies,united-kingdom,Fully Funded
792,ROTARY GLOBAL GRANTS,united-kingdom,Fully Funded
793,Ernst Ludwig Ehrlich Studienwerk - Scholarships,united-kingdom,Fully Funded
794,European Molecular Biology Short-Term Fellowships,united-kingdom,Fully Funded
795,"BPP University, UK-Vice Chancellor’s Scholarship",united-kingdom,Partially Funded
796,John Dillon Fellowship - Australian Centre for International Agricultural Research (ACIAR),united-kingdom,Fully Funded
797,Konrad von Moltke Research Grants for the young researchers,united-kingdom,Fully Funded
798,Institute for Current World Affairs - FELLOWSHIPS,united-kingdom,Fully Funded
799,Airbus Group PhD opportunities,united-kingdom,Fully Funded
800,Adobe Research Women-in-Technology Scholarship,united-kingdom,Fully Funded
801,Pirbright Institute,united-kingdom,Not Funded
802,BATH University - Sport Scholarship Scheme,united-kingdom,Partially Funded
803,"The Engineering Doctorate (EngD) - Bath and Bournemouth Universities, Centre for Doctoral Training",united-kingdom,Partially Funded
804,Exchange Student Programme at SOAS,united-kingdom,
805,Study Abroad at SOAS,united-kingdom,
806,Alliance Manchester Business School Scholarships,united-kingdom,Partially Funded
807,International Council of Ophthalmology (ICO) - Three-Month Fellowships,united-kingdom,Fully Funded
808,Boustany Foundation - Cambridge University MBA Scholarship,united-kingdom,"£30,000"
809,The Boehringer Ingelheim Fonds awards PhD fellowships,united-kingdom,Fully Funded
810,The Boehringer Ingelheim Fonds - Travel grants for junior researchers,united-kingdom,Fully Funded
811,"Paul Sumerall Memorial Scholarships, Merchants Bank of California",united-kingdom,Partially Funded
812,University of Hertfordshire - Scholarships for international students,united-kingdom,Partially Funded
813,TransAtlantic Masters - Scholarships,united-kingdom,Not Funded
814,Euromasters Scholarships,united-kingdom,Partially Funded
815,London Met University - Funding your studies,united-kingdom,Partially Funded
816,London Met University - Funding your studies,united-kingdom,Partially Funded
817,Hayek Fund for Scholars - Institute for Humane Studies at George Mason University,united-kingdom,Partially Funded
818,The Humane Studies Fellowship - Institute for Humane Studies at George Mason University,united-kingdom,Fully Funded
819,Wessex Institute of Technology - Research Studies,united-kingdom,Fully Funded
820,Erasmus Exchange Programme,united-kingdom,
821,YFU (Youth for Undestanding) - Youth Exchange,united-kingdom,
822,Be an exchange student for 1-2 semesters,united-kingdom,
823,Birmingham Masters Scholarships,united-kingdom,Partially Funded
824,Horizon 2020,united-kingdom,Fully Funded
825,Amelia Earhart Fellowship,united-kingdom,Fully Funded
826,The Leakey Foundation’s Research Grants to doctoral students,united-kingdom,Fully Funded
827,Axol Science Scholarship for Graduate or Undergraduate Degree Programs,united-kingdom,Fully Funded
828,ArtUniverse Scholarships,united-kingdom,Partially Funded
829,High Achievers Scholarship - Edge Hill University,united-kingdom,Partially Funded
830,Wolfson Postgraduate Scholarships in the Humanities - The Wolfson Foundation,united-kingdom,Partially Funded
831,Durham Doctoral Studentships,united-kingdom,Partially Funded
832,Sir Henry Wellcome Postdoctoral Fellowships,united-kingdom,Fully Funded
833,Heriot-Watt Scholarships and bursaries for UK campuses,united-kingdom,Partially Funded
834,The Keith Murray Senior Scholarship,united-kingdom,Course fees
835,Cambridge International Scholarships,united-kingdom,
836,Warwick Chancellor’s International Scholarships,united-kingdom,
837,UN-Nippon Fellowship Programme in Ocean Affairs for Coastal Developing Countries,united-kingdom,
838,Westminster Full Fee Scholarships for International Students,united-kingdom,
839,UWE Millennium Development Scholarship for International Students,united-kingdom,
840,Transform Together Scholarships for International and European Union (non-UK) Students,united-kingdom,
841,Rotary Peace Fellowships,united-kingdom,
842,UWE Global Student Scholarships for International Students,united-kingdom,
843,Bristol University International Scholarships,united-kingdom,
844,Rhodes Scholarships at Oxford University for International Students,united-kingdom,
845,Reach Oxford Scholarships for Developing Country Students,united-kingdom,
846,Schlumberger Cambridge Scholarships for Students from Developing Countries,united-kingdom,
847,University of Birmingham Scholarships for International Students,united-kingdom,
848,Florence Congleton Scholarships for African Women at University of Birmingham,united-kingdom,
849,University of Westminster Full International Scholarships,united-kingdom,
850,British Chevening Scholarships for International Students,united-kingdom,
851,Skoll MBA Scholarships at Said Business School,united-kingdom,
852,Career Development PhD Scholarships at University of Edinburgh,united-kingdom,
853,Mo Ibrahim Foundation MBA Scholarships for Sub-Saharan Africans at London Business School,united-kingdom,
854,Nottingham Developing Solutions Scholarships,united-kingdom,
855,Scholarships for International Students at University of Exeter,united-kingdom,
856,Desmond Tutu’s Masters Scholarships for Africans,united-kingdom,
857,Southern African Scholarships at University of Edinburgh,united-kingdom,
858,Edinburgh Global Masters Scholarships,united-kingdom,
859,Erasmus Mundus Scholarships in Agricultural Development and NRM,united-kingdom,
860,Erasmus Mundus Scholarships in Sustainable Forest and Nature Management,united-kingdom,
861,Westminster International Scholarships,united-kingdom,
862,Bristol MBA International Scholarship,united-kingdom,
863,LJMU Roscoe International Scholarship,united-kingdom,
864,Masters in Engineering Geology Scholarships at University of Leeds,united-kingdom,
865,Sustainability Masters Scholarships at University of Leeds,united-kingdom,
866,MRes in Climate and Atmospheric Science Scholarships at University of Leeds,united-kingdom,
867,Eira Francis Davies Scholarship at Swansea University,united-kingdom,
868,Swansea University International Excellence and Merit Scholarships,united-kingdom,
869,Westminster Disaster Regeneration Scholarship,united-kingdom,
870,Ruth First Scholarships for Southern Africans at Durham University,united-kingdom,
871,"Eldred-Waverley Scholarship at Linacre College, Oxford",united-kingdom,
872,Oppenheimer Fund Scholarships at University of Oxford,united-kingdom,
873,Oxford Pershing Square Graduate Scholarships,united-kingdom,
874,Rhodes Scholarships in Oxford University for Southern Africans,united-kingdom,
875,Nottingham Trent University Science Scholarships for Non-EU Students,united-kingdom,
876,Sussex Chancellor’s International Research Scholarships,united-kingdom,
877,UWE Chancellor’s Scholarships for International Students,united-kingdom,
878,Swansea University International Excellence Scholarships,united-kingdom,
